customer_id,senior_citizen,tenure_months,contract,internet_service,tech_support,online_security,paperless_billing,payment_method,monthly_charges,total_charges,churn
1,0,41,Month-to-month,Fiber optic,Yes,Yes,Yes,Electronic check,102.13,3827.72,No
2,0,53,Month-to-month,DSL,Yes,No,Yes,Credit card,25.91,1352.38,No
3,1,28,Month-to-month,No,Yes,No,Yes,Electronic check,61.91,1700.72,Yes
4,1,24,One year,DSL,Yes,Yes,No,Credit card,81.9,1915.4,No
5,1,58,One year,Fiber optic,Yes,Yes,No,Bank transfer,89.9,4883.7,No
6,1,36,Two year,DSL,Yes,No,No,Electronic check,36.5,1250.02,No
7,1,9,Two year,No,No,No,Yes,Electronic check,89.53,797.03,Yes
8,1,60,Two year,No,Yes,Yes,No,Credit card,93.12,5287.96,No
9,0,44,Month-to-month,Fiber optic,No,Yes,No,Mailed check,81.09,3475.39,Yes
10,0,50,One year,Fiber optic,Yes,Yes,No,Bank transfer,64.92,3188.92,No
11,0,45,Two year,Fiber optic,Yes,Yes,Yes,Credit card,28.3,1175.05,No
12,1,23,One year,Fiber optic,Yes,Yes,Yes,Electronic check,61.89,1359.97,No
13,0,71,One year,Fiber optic,No,No,Yes,Electronic check,30.35,2144.38,Yes
14,0,56,Month-to-month,DSL,No,Yes,No,Electronic check,30.24,1668.07,No
15,1,26,Two year,Fiber optic,Yes,No,Yes,Electronic check,115.55,2975.28,Yes
16,1,59,One year,Fiber optic,No,Yes,No,Mailed check,34.41,2055.47,No
17,0,26,Two year,Fiber optic,Yes,Yes,No,Bank transfer,95.81,2353.34,No
18,0,45,Month-to-month,No,No,Yes,Yes,Credit card,81.32,3726.22,Yes
19,1,29,Month-to-month,No,No,No,No,Bank transfer,93.1,2830.68,Yes
20,1,44,One year,No,No,No,Yes,Bank transfer,28.05,1129.69,No
21,1,0,One year,No,No,Yes,Yes,Credit card,103.46,94.97,Yes
22,0,55,Two year,Fiber optic,Yes,No,Yes,Mailed check,66.32,3689.56,No
23,1,3,Month-to-month,No,No,Yes,No,Mailed check,81.16,240.89,Yes
24,0,16,Month-to-month,DSL,Yes,Yes,Yes,Bank transfer,63.38,1045.27,No
25,0,64,Month-to-month,No,No,No,No,Credit card,74.44,4883.88,Yes
26,1,66,One year,No,Yes,Yes,Yes,Electronic check,72.35,4310.99,No
27,1,19,Month-to-month,DSL,No,Yes,Yes,Electronic check,75.65,1363.9,Yes
28,1,35,Month-to-month,DSL,No,Yes,No,Mailed check,96.0,3483.89,Yes
29,1,57,Two year,No,No,Yes,Yes,Credit card,89.92,5286.79,No
30,0,15,One year,Fiber optic,No,Yes,No,Electronic check,87.12,1260.08,Yes
31,1,19,Two year,No,No,Yes,Yes,Electronic check,45.31,792.53,No
32,1,62,Month-to-month,No,Yes,Yes,No,Credit card,90.63,5895.02,Yes
33,0,40,Month-to-month,No,No,Yes,No,Bank transfer,53.8,2084.86,Yes
34,1,37,Two year,DSL,Yes,Yes,No,Electronic check,117.17,3969.9,No
35,1,23,One year,DSL,No,No,No,Electronic check,60.59,1366.38,No
36,0,23,One year,DSL,No,Yes,Yes,Electronic check,83.44,1957.97,No
37,0,15,One year,DSL,No,No,Yes,Mailed check,112.67,1588.95,Yes
38,0,20,One year,DSL,Yes,Yes,No,Credit card,113.22,2251.49,No
39,0,22,One year,Fiber optic,Yes,No,No,Mailed check,23.69,470.5,No
40,1,13,Two year,No,No,No,Yes,Mailed check,74.59,1001.97,No
41,1,17,One year,Fiber optic,Yes,Yes,No,Mailed check,21.43,362.06,No
42,0,48,Two year,No,No,Yes,Yes,Bank transfer,89.27,3885.54,No
43,0,33,One year,Fiber optic,No,Yes,No,Mailed check,23.44,798.55,No
44,0,48,Month-to-month,Fiber optic,No,Yes,No,Electronic check,44.82,2186.72,No
45,0,5,One year,DSL,No,No,No,Bank transfer,82.97,378.62,Yes
46,1,63,Month-to-month,Fiber optic,Yes,Yes,Yes,Electronic check,102.49,6503.69,Yes
47,1,29,Month-to-month,DSL,Yes,Yes,No,Electronic check,83.71,2534.23,Yes
48,0,68,Two year,DSL,No,No,Yes,Credit card,20.33,1409.61,No
49,1,9,One year,DSL,Yes,Yes,No,Electronic check,93.98,885.03,Yes
50,1,36,Month-to-month,No,Yes,Yes,Yes,Electronic check,79.97,2734.3,No
51,1,62,One year,No,Yes,Yes,No,Credit card,87.57,5123.28,No
52,1,15,Two year,DSL,No,Yes,Yes,Credit card,113.63,1538.48,Yes
53,1,49,Month-to-month,DSL,Yes,Yes,Yes,Bank transfer,34.17,1638.52,Yes
54,1,46,Month-to-month,Fiber optic,No,No,No,Credit card,22.48,931.23,Yes
55,1,18,One year,Fiber optic,No,No,No,Credit card,32.09,548.56,No
56,0,25,Two year,DSL,No,No,No,Credit card,57.22,1371.76,No
57,1,6,One year,DSL,Yes,No,No,Bank transfer,83.5,462.09,Yes
58,1,47,One year,DSL,No,Yes,No,Mailed check,91.96,3921.98,Yes
59,1,36,One year,DSL,Yes,Yes,No,Bank transfer,67.22,2302.67,No
60,0,30,One year,Fiber optic,No,Yes,No,Mailed check,36.73,1018.43,No
61,0,42,One year,Fiber optic,Yes,Yes,No,Mailed check,44.41,1727.57,No
62,1,72,Month-to-month,DSL,No,No,No,Bank transfer,61.39,4325.6,Yes
63,0,63,One year,No,No,Yes,Yes,Bank transfer,88.68,5471.66,Yes
64,0,49,One year,No,No,No,Yes,Electronic check,115.39,5808.48,Yes
65,1,60,Two year,Fiber optic,Yes,Yes,No,Mailed check,59.15,3687.5,No
66,0,28,Month-to-month,DSL,Yes,No,Yes,Mailed check,28.5,811.19,Yes
67,1,4,Two year,No,No,Yes,Yes,Electronic check,82.65,323.74,Yes
68,0,67,Two year,DSL,No,No,No,Credit card,42.36,2810.19,No
69,1,40,Two year,DSL,No,Yes,No,Electronic check,74.7,2702.32,No
70,1,63,Two year,No,No,Yes,Yes,Credit card,45.73,2881.29,No
71,0,43,Two year,Fiber optic,No,No,Yes,Credit card,39.81,1745.31,No
72,0,39,Month-to-month,DSL,No,Yes,No,Mailed check,46.5,1874.07,Yes
73,0,62,One year,No,Yes,Yes,Yes,Credit card,112.19,6316.92,No
74,0,7,Month-to-month,Fiber optic,No,No,No,Mailed check,93.27,685.29,Yes
75,1,67,Two year,Fiber optic,Yes,No,No,Credit card,86.44,5541.25,No
76,0,0,Month-to-month,Fiber optic,Yes,No,No,Bank transfer,62.02,64.05,Yes
77,1,39,One year,DSL,Yes,No,Yes,Bank transfer,39.57,1514.26,No
78,0,60,Month-to-month,No,No,Yes,No,Electronic check,101.18,6161.86,Yes
79,0,7,One year,DSL,Yes,No,No,Bank transfer,56.3,374.49,Yes
80,1,38,Month-to-month,No,Yes,Yes,No,Bank transfer,102.6,3571.65,Yes
81,0,63,Month-to-month,Fiber optic,Yes,Yes,Yes,Bank transfer,100.26,6384.43,Yes
82,1,58,One year,No,Yes,Yes,Yes,Electronic check,59.17,3171.01,No
83,0,69,One year,DSL,No,Yes,Yes,Electronic check,118.78,7701.89,No
84,0,57,Month-to-month,DSL,Yes,No,Yes,Bank transfer,66.09,3894.04,No
85,0,72,One year,Fiber optic,No,No,Yes,Mailed check,39.92,2693.49,No
86,0,24,One year,DSL,No,No,Yes,Credit card,119.24,2793.36,Yes
87,1,13,Month-to-month,Fiber optic,Yes,No,Yes,Electronic check,111.44,1312.62,Yes
88,0,24,Month-to-month,Fiber optic,Yes,No,Yes,Bank transfer,80.3,1958.52,Yes
89,0,47,One year,DSL,Yes,Yes,Yes,Bank transfer,119.99,5107.92,No
90,1,47,Month-to-month,No,No,Yes,Yes,Credit card,40.34,1932.56,No
91,1,50,Two year,No,Yes,Yes,No,Bank transfer,85.31,4093.45,No
92,1,53,Month-to-month,Fiber optic,No,No,Yes,Credit card,61.64,3363.74,Yes
93,1,26,Month-to-month,Fiber optic,Yes,No,No,Mailed check,31.35,744.65,No
94,0,6,Two year,DSL,No,Yes,Yes,Bank transfer,77.29,481.86,No
95,0,66,Month-to-month,DSL,Yes,No,No,Mailed check,69.05,4651.74,Yes
96,0,5,One year,Fiber optic,Yes,No,Yes,Credit card,28.63,144.13,Yes
97,1,25,One year,DSL,Yes,Yes,No,Electronic check,59.97,1465.79,No
98,1,24,Month-to-month,No,Yes,No,No,Bank transfer,31.77,754.8,Yes
99,0,54,One year,No,No,No,No,Credit card,70.36,3521.38,No
100,1,58,Month-to-month,Fiber optic,No,Yes,Yes,Credit card,26.71,1477.59,Yes
101,0,5,Month-to-month,No,Yes,Yes,Yes,Credit card,112.21,531.35,Yes
102,1,17,Month-to-month,DSL,Yes,Yes,Yes,Mailed check,33.16,582.24,No
103,1,44,Two year,Fiber optic,Yes,No,Yes,Bank transfer,109.65,4541.15,No
104,0,61,Month-to-month,No,No,Yes,No,Mailed check,51.91,2867.35,Yes
105,0,35,Two year,Fiber optic,No,Yes,No,Credit card,99.21,3262.8,No
106,0,13,One year,No,No,No,No,Bank transfer,46.48,633.59,No
107,1,56,Month-to-month,DSL,Yes,No,Yes,Electronic check,101.98,5357.08,Yes
108,0,37,Two year,No,No,No,No,Mailed check,71.27,2727.52,No
109,0,5,Month-to-month,DSL,Yes,No,No,Bank transfer,50.37,246.43,Yes
110,0,26,One year,No,No,Yes,Yes,Credit card,33.47,905.45,No
111,1,18,Two year,Fiber optic,No,No,No,Credit card,116.71,1908.39,No
112,0,0,Month-to-month,DSL,Yes,No,Yes,Mailed check,38.57,35.63,Yes
113,0,25,Two year,No,No,Yes,No,Electronic check,70.86,1611.29,No
114,1,55,Two year,Fiber optic,Yes,No,Yes,Electronic check,37.54,2166.89,No
115,1,33,Two year,DSL,No,No,No,Mailed check,88.57,3032.68,No
116,0,64,Month-to-month,DSL,No,Yes,No,Mailed check,104.17,6202.97,Yes
117,0,42,Two year,DSL,No,No,Yes,Credit card,67.21,2765.21,No
118,0,29,Two year,Fiber optic,Yes,No,Yes,Electronic check,82.26,2174.83,No
119,0,13,Two year,DSL,No,Yes,Yes,Electronic check,90.07,1059.24,No
120,1,8,Two year,Fiber optic,Yes,Yes,Yes,Mailed check,107.97,875.3,No
121,0,14,Month-to-month,DSL,Yes,No,No,Bank transfer,67.71,872.01,No
122,1,33,Month-to-month,Fiber optic,No,No,No,Bank transfer,24.84,831.18,Yes
123,0,3,One year,DSL,No,Yes,Yes,Bank transfer,54.68,164.97,No
124,1,0,Two year,DSL,No,Yes,Yes,Credit card,20.44,19.9,Yes
125,0,65,One year,No,Yes,No,No,Mailed check,101.52,6867.66,No
126,1,10,One year,No,Yes,No,Yes,Credit card,55.56,533.48,Yes
127,0,3,One year,DSL,No,No,No,Mailed check,62.81,184.99,Yes
128,1,16,Two year,No,Yes,No,No,Mailed check,78.16,1223.37,No
129,0,32,Two year,DSL,Yes,No,Yes,Bank transfer,66.2,2187.82,No
130,0,19,Two year,DSL,Yes,No,No,Mailed check,80.29,1452.74,No
131,1,13,Month-to-month,No,Yes,Yes,No,Credit card,58.42,795.59,No
132,0,13,Two year,DSL,No,Yes,No,Credit card,108.52,1367.86,No
133,1,64,Two year,Fiber optic,No,Yes,Yes,Mailed check,34.18,2166.86,No
134,0,55,Two year,No,No,Yes,Yes,Electronic check,86.79,4763.3,No
135,0,40,One year,No,Yes,No,No,Credit card,44.24,1698.85,No
136,1,2,Two year,Fiber optic,Yes,No,Yes,Electronic check,97.82,187.48,Yes
137,0,27,Month-to-month,No,Yes,No,No,Electronic check,30.11,801.74,Yes
138,1,47,Two year,Fiber optic,No,No,Yes,Bank transfer,41.01,1932.59,No
139,1,32,One year,Fiber optic,No,Yes,No,Bank transfer,21.33,657.16,No
140,0,38,Two year,Fiber optic,Yes,No,Yes,Credit card,66.21,2326.48,No
141,0,28,Month-to-month,Fiber optic,No,No,No,Bank transfer,119.61,3395.91,Yes
142,1,29,One year,No,No,No,Yes,Bank transfer,118.29,3436.66,Yes
143,1,38,One year,Fiber optic,No,No,Yes,Bank transfer,82.34,2856.12,Yes
144,0,7,Month-to-month,No,No,Yes,Yes,Mailed check,73.06,486.76,Yes
145,1,37,One year,No,Yes,Yes,No,Mailed check,105.42,3619.11,No
146,0,51,Two year,DSL,Yes,No,No,Electronic check,39.74,2034.68,No
147,1,33,One year,DSL,Yes,No,Yes,Credit card,69.31,2078.56,No
148,1,21,Two year,No,Yes,Yes,No,Credit card,104.08,2120.53,No
149,0,53,Two year,DSL,Yes,No,No,Electronic check,83.61,4007.16,No
150,1,62,Month-to-month,DSL,Yes,No,No,Credit card,82.53,4865.06,Yes
151,1,70,Month-to-month,Fiber optic,No,No,No,Bank transfer,62.24,4283.19,Yes
152,0,51,One year,No,No,No,No,Mailed check,117.5,5981.62,No
153,1,38,Month-to-month,No,Yes,Yes,Yes,Credit card,59.89,2237.46,No
154,1,0,Month-to-month,DSL,No,Yes,Yes,Electronic check,98.9,102.51,Yes
155,0,58,Two year,DSL,Yes,Yes,Yes,Bank transfer,106.92,5973.37,No
156,0,17,One year,No,No,No,No,Electronic check,38.48,592.1,No
157,1,66,Month-to-month,DSL,No,No,Yes,Credit card,64.65,3849.25,Yes
158,1,70,Month-to-month,DSL,No,Yes,Yes,Electronic check,109.58,7624.84,Yes
159,0,15,Month-to-month,DSL,Yes,Yes,No,Mailed check,67.23,949.27,Yes
160,1,46,Two year,No,Yes,Yes,No,Bank transfer,49.31,2231.11,No
161,0,6,Two year,DSL,Yes,Yes,No,Bank transfer,21.47,128.51,No
162,1,21,One year,No,Yes,No,No,Mailed check,56.76,1175.56,No
163,1,14,One year,No,Yes,No,No,Bank transfer,67.7,963.64,No
164,1,7,Two year,No,No,Yes,No,Mailed check,103.13,714.81,Yes
165,1,48,Two year,DSL,No,No,No,Mailed check,88.86,4044.46,Yes
166,1,5,One year,DSL,Yes,No,No,Electronic check,117.54,599.21,Yes
167,1,62,One year,DSL,Yes,No,Yes,Bank transfer,80.69,5011.03,No
168,1,1,One year,Fiber optic,Yes,No,No,Credit card,97.22,90.89,Yes
169,1,25,Month-to-month,DSL,Yes,Yes,No,Credit card,38.07,956.66,Yes
170,1,19,Month-to-month,DSL,No,No,Yes,Mailed check,106.64,1936.5,Yes
171,1,3,One year,Fiber optic,Yes,Yes,Yes,Bank transfer,23.36,73.48,Yes
172,0,35,One year,DSL,No,Yes,Yes,Credit card,45.4,1439.13,No
173,0,6,Month-to-month,No,No,No,No,Electronic check,68.68,423.14,Yes
174,1,11,One year,Fiber optic,Yes,Yes,Yes,Credit card,115.64,1272.62,Yes
175,1,47,Month-to-month,No,Yes,Yes,Yes,Electronic check,23.86,1052.32,Yes
176,0,6,One year,No,No,Yes,Yes,Bank transfer,30.11,171.2,Yes
177,1,56,Two year,DSL,No,No,No,Credit card,57.17,3068.68,No
178,0,30,Month-to-month,No,Yes,No,Yes,Mailed check,91.72,2556.97,Yes
179,0,47,Two year,DSL,No,Yes,Yes,Credit card,112.59,5068.22,No
180,0,41,Month-to-month,Fiber optic,Yes,No,Yes,Credit card,34.28,1311.66,Yes
181,1,18,One year,DSL,No,No,No,Bank transfer,61.18,1016.83,Yes
182,0,33,One year,DSL,No,No,Yes,Credit card,110.32,3338.85,Yes
183,0,15,One year,DSL,No,No,Yes,Credit card,119.1,1875.31,No
184,1,20,Month-to-month,No,No,Yes,Yes,Credit card,117.86,2127.15,Yes
185,1,67,One year,DSL,No,No,Yes,Mailed check,24.05,1549.06,Yes
186,1,66,Month-to-month,No,Yes,Yes,No,Mailed check,80.07,5413.28,Yes
187,1,24,Two year,Fiber optic,Yes,Yes,Yes,Bank transfer,26.57,644.0,No
188,0,63,Month-to-month,DSL,No,No,Yes,Bank transfer,33.33,2099.42,Yes
189,0,47,Two year,No,Yes,No,Yes,Bank transfer,71.98,3270.96,No
190,1,41,Two year,Fiber optic,Yes,No,No,Electronic check,107.28,4588.09,No
191,0,68,Month-to-month,DSL,Yes,Yes,No,Bank transfer,42.37,2671.87,No
192,1,3,Month-to-month,DSL,Yes,No,Yes,Credit card,21.77,64.65,Yes
193,1,12,Two year,DSL,Yes,No,Yes,Electronic check,32.3,377.54,No
194,1,17,Two year,No,Yes,Yes,Yes,Electronic check,34.72,581.93,No
195,1,49,Two year,Fiber optic,Yes,No,No,Credit card,117.05,5206.61,No
196,0,42,Two year,Fiber optic,No,No,No,Mailed check,104.76,3995.27,Yes
197,0,1,One year,DSL,Yes,Yes,Yes,Mailed check,52.44,48.78,No
198,1,50,One year,No,Yes,Yes,No,Electronic check,23.44,1167.59,No
199,0,32,Month-to-month,No,Yes,No,No,Bank transfer,43.67,1265.96,Yes
200,0,15,Month-to-month,No,No,Yes,No,Electronic check,66.64,979.68,Yes
201,1,37,One year,No,No,No,No,Mailed check,44.34,1498.14,No
202,1,25,Two year,No,No,No,No,Bank transfer,109.18,2580.89,No
203,0,42,Month-to-month,DSL,No,No,No,Bank transfer,21.19,848.06,Yes
204,1,36,Month-to-month,Fiber optic,Yes,Yes,No,Electronic check,35.86,1174.8,Yes
205,0,56,One year,No,Yes,Yes,No,Bank transfer,118.93,6671.06,No
206,1,17,Two year,DSL,No,Yes,No,Mailed check,93.88,1614.3,No
207,0,13,Month-to-month,Fiber optic,Yes,No,No,Bank transfer,59.75,814.76,Yes
208,1,14,One year,Fiber optic,No,No,No,Bank transfer,92.31,1219.89,Yes
209,1,63,One year,Fiber optic,No,Yes,No,Mailed check,73.69,4737.38,No
210,0,42,One year,No,Yes,No,Yes,Electronic check,40.43,1636.87,No
211,1,63,One year,No,No,No,No,Credit card,71.74,4418.33,No
212,1,44,One year,DSL,Yes,Yes,Yes,Mailed check,29.9,1257.93,No
213,0,62,One year,Fiber optic,No,Yes,No,Mailed check,37.07,2178.16,No
214,0,37,Two year,Fiber optic,No,Yes,Yes,Credit card,72.41,2739.25,No
215,0,72,Two year,DSL,No,Yes,No,Electronic check,89.17,5788.55,No
216,1,50,Month-to-month,No,Yes,Yes,Yes,Mailed check,39.67,1933.28,No
217,1,15,Month-to-month,DSL,Yes,Yes,No,Credit card,30.01,416.65,Yes
218,0,7,Two year,DSL,No,Yes,Yes,Bank transfer,91.55,610.78,Yes
219,1,8,One year,DSL,No,No,Yes,Credit card,21.95,163.84,Yes
220,1,30,Month-to-month,DSL,Yes,Yes,Yes,Credit card,113.08,3488.09,Yes
221,1,32,One year,DSL,Yes,No,No,Credit card,87.49,2765.31,Yes
222,0,62,Month-to-month,DSL,Yes,Yes,No,Credit card,36.99,2194.42,No
223,0,14,One year,No,No,No,No,Bank transfer,60.32,768.32,No
224,0,49,Month-to-month,Fiber optic,No,No,No,Mailed check,43.72,1939.27,Yes
225,0,16,Month-to-month,DSL,No,Yes,Yes,Bank transfer,75.5,1171.83,Yes
226,0,51,One year,No,Yes,No,No,Mailed check,115.09,5727.1,Yes
227,0,33,Two year,Fiber optic,No,Yes,Yes,Electronic check,60.42,1947.06,No
228,0,34,Two year,Fiber optic,Yes,Yes,Yes,Mailed check,51.08,1664.63,No
229,0,13,Month-to-month,No,No,No,Yes,Bank transfer,39.28,514.63,Yes
230,0,51,One year,Fiber optic,No,No,No,Mailed check,97.5,5133.68,No
231,0,44,One year,DSL,No,Yes,Yes,Bank transfer,119.99,5068.79,No
232,0,28,Two year,No,Yes,No,No,Mailed check,24.0,621.13,No
233,1,5,Two year,Fiber optic,Yes,Yes,No,Bank transfer,77.02,387.99,Yes
234,0,14,Two year,Fiber optic,Yes,Yes,No,Mailed check,117.41,1647.29,No
235,0,44,Two year,DSL,No,No,No,Electronic check,119.81,5231.05,No
236,0,54,One year,Fiber optic,No,Yes,No,Mailed check,87.66,4406.52,No
237,0,71,One year,DSL,Yes,Yes,Yes,Bank transfer,74.39,4951.34,No
238,1,11,Month-to-month,No,No,Yes,Yes,Mailed check,33.66,372.5,Yes
239,0,56,Month-to-month,No,No,No,No,Electronic check,33.34,1878.54,Yes
240,0,21,Two year,No,Yes,No,Yes,Bank transfer,103.95,2097.63,No
241,1,62,Month-to-month,DSL,Yes,No,No,Electronic check,50.39,2863.59,No
242,0,56,One year,No,No,No,No,Credit card,36.81,1877.43,No
243,1,42,Two year,No,No,Yes,Yes,Bank transfer,84.51,3703.86,No
244,0,11,Two year,Fiber optic,No,Yes,No,Mailed check,27.81,309.62,No
245,1,23,Two year,No,Yes,Yes,No,Mailed check,98.46,2320.2,No
246,1,45,One year,DSL,No,Yes,Yes,Electronic check,75.11,3229.18,No
247,1,72,Two year,No,No,Yes,Yes,Bank transfer,114.49,8030.25,No
248,1,10,Month-to-month,No,Yes,Yes,Yes,Electronic check,33.83,336.78,Yes
249,1,61,Month-to-month,DSL,No,Yes,Yes,Bank transfer,23.2,1403.33,No
250,0,7,Two year,No,No,No,Yes,Credit card,26.27,165.74,No
251,1,56,Two year,No,No,Yes,No,Mailed check,66.88,3675.65,No
252,1,10,Month-to-month,No,No,No,No,Mailed check,76.5,736.83,Yes
253,0,43,Two year,No,Yes,Yes,Yes,Bank transfer,42.25,1836.66,No
254,0,53,One year,No,Yes,No,Yes,Electronic check,59.63,2898.51,No
255,1,32,Two year,DSL,Yes,No,Yes,Electronic check,90.91,2717.26,No
256,0,72,Month-to-month,Fiber optic,Yes,No,Yes,Credit card,33.43,2347.92,Yes
257,0,50,Two year,DSL,Yes,No,No,Mailed check,97.5,4487.54,No
258,1,5,Month-to-month,No,Yes,No,Yes,Mailed check,49.99,251.48,Yes
259,1,45,Month-to-month,Fiber optic,No,Yes,No,Credit card,102.56,4238.64,Yes
260,0,45,Month-to-month,Fiber optic,No,Yes,No,Bank transfer,23.41,1091.94,Yes
261,0,57,Month-to-month,No,No,Yes,No,Mailed check,99.12,5498.46,Yes
262,1,37,Two year,No,No,Yes,No,Electronic check,78.83,2734.53,No
263,0,19,One year,No,No,Yes,No,Credit card,100.05,1720.97,Yes
264,0,57,One year,DSL,Yes,No,Yes,Mailed check,52.93,2813.2,No
265,0,46,Two year,Fiber optic,No,No,No,Credit card,58.79,2577.38,No
266,1,2,Month-to-month,Fiber optic,Yes,Yes,No,Electronic check,92.7,170.85,Yes
267,0,33,One year,No,Yes,Yes,Yes,Credit card,111.51,3810.08,No
268,1,12,One year,Fiber optic,Yes,Yes,No,Mailed check,88.13,1000.03,No
269,1,70,Two year,Fiber optic,No,Yes,No,Mailed check,90.42,6334.23,Yes
270,1,44,Month-to-month,DSL,Yes,Yes,No,Credit card,108.88,4794.12,Yes
271,1,38,Month-to-month,No,Yes,Yes,Yes,Mailed check,50.15,1803.32,No
272,1,10,Two year,DSL,No,No,Yes,Credit card,118.75,1132.34,Yes
273,0,22,One year,Fiber optic,Yes,Yes,Yes,Electronic check,82.64,1700.88,No
274,0,25,Two year,Fiber optic,Yes,Yes,Yes,Electronic check,44.17,1003.23,No
275,0,43,Two year,DSL,Yes,Yes,No,Electronic check,47.06,2016.24,No
276,0,41,Two year,DSL,No,No,Yes,Credit card,80.98,3386.77,Yes
277,1,11,Two year,No,No,No,Yes,Electronic check,118.78,1254.23,Yes
278,1,72,Two year,Fiber optic,Yes,No,Yes,Electronic check,81.4,5911.32,No
279,0,26,Month-to-month,No,Yes,No,No,Mailed check,101.4,2540.13,Yes
280,1,33,Two year,Fiber optic,Yes,No,No,Bank transfer,85.16,2760.89,No
281,1,35,Month-to-month,Fiber optic,Yes,No,Yes,Mailed check,29.98,1071.73,Yes
282,0,11,Month-to-month,No,Yes,Yes,No,Bank transfer,26.02,279.14,Yes
283,1,22,Two year,DSL,Yes,No,Yes,Bank transfer,97.81,2014.94,No
284,0,49,One year,DSL,No,Yes,No,Bank transfer,30.78,1523.31,No
285,1,72,One year,Fiber optic,No,Yes,Yes,Mailed check,23.07,1500.11,No
286,0,41,One year,No,No,No,No,Bank transfer,107.94,4313.97,Yes
287,0,17,One year,Fiber optic,Yes,No,Yes,Bank transfer,20.39,357.31,No
288,0,57,Month-to-month,No,Yes,Yes,No,Mailed check,105.13,6054.29,Yes
289,0,17,One year,No,Yes,Yes,No,Mailed check,35.19,620.31,No
290,1,45,Month-to-month,DSL,No,No,No,Electronic check,29.02,1241.82,Yes
291,1,25,Two year,No,Yes,Yes,Yes,Electronic check,33.48,828.02,No
292,0,40,Month-to-month,DSL,Yes,No,Yes,Mailed check,117.06,4583.19,Yes
293,0,18,Two year,No,Yes,No,No,Mailed check,103.96,1952.84,No
294,0,28,Two year,DSL,No,Yes,Yes,Electronic check,21.52,566.62,No
295,1,71,One year,Fiber optic,Yes,No,No,Credit card,88.81,6292.69,Yes
296,1,34,One year,Fiber optic,No,No,No,Mailed check,58.3,1828.95,Yes
297,0,0,Month-to-month,No,No,No,Yes,Electronic check,119.1,121.94,Yes
298,0,6,One year,No,No,No,No,Credit card,74.89,425.68,Yes
299,1,69,One year,DSL,No,No,No,Electronic check,91.22,6036.3,Yes
300,1,69,Two year,DSL,No,No,No,Mailed check,110.87,7428.11,Yes
301,0,8,Two year,Fiber optic,Yes,Yes,Yes,Credit card,101.34,758.67,No
302,1,5,One year,Fiber optic,No,No,No,Electronic check,32.3,149.08,Yes
303,1,66,Two year,Fiber optic,No,Yes,Yes,Credit card,47.5,2958.11,No
304,0,22,Two year,DSL,Yes,Yes,No,Bank transfer,56.69,1219.87,No
305,0,32,Month-to-month,No,Yes,Yes,No,Bank transfer,77.05,2240.39,Yes
306,0,32,Month-to-month,Fiber optic,No,Yes,Yes,Mailed check,72.52,2260.32,Yes
307,1,37,Two year,Fiber optic,Yes,No,No,Credit card,57.57,1930.42,No
308,1,32,One year,DSL,No,Yes,Yes,Mailed check,112.48,3342.87,No
309,0,9,Month-to-month,Fiber optic,No,No,Yes,Credit card,72.58,636.56,Yes
310,0,55,One year,Fiber optic,Yes,Yes,Yes,Mailed check,63.98,3426.32,No
311,0,5,Two year,Fiber optic,No,No,Yes,Electronic check,96.99,445.05,Yes
312,1,11,Month-to-month,No,No,Yes,No,Electronic check,102.4,1047.52,Yes
313,1,53,Two year,DSL,No,Yes,Yes,Electronic check,107.19,5236.97,No
314,1,68,One year,No,No,Yes,No,Credit card,51.3,3273.0,No
315,0,39,One year,DSL,No,No,Yes,Electronic check,105.66,3867.57,No
316,0,47,One year,No,No,Yes,No,Electronic check,56.57,2712.54,No
317,1,1,Two year,DSL,No,No,No,Mailed check,23.53,21.95,Yes
318,1,58,One year,No,No,Yes,Yes,Electronic check,107.81,5681.82,No
319,0,9,Two year,Fiber optic,Yes,Yes,No,Mailed check,112.24,994.16,Yes
320,0,37,Month-to-month,No,Yes,Yes,No,Electronic check,97.75,3643.14,No
321,1,11,Month-to-month,Fiber optic,Yes,No,Yes,Electronic check,90.62,963.29,Yes
322,1,17,Month-to-month,DSL,No,No,Yes,Bank transfer,95.82,1679.78,Yes
323,1,41,Two year,DSL,Yes,Yes,Yes,Bank transfer,59.15,2194.62,No
324,1,69,Two year,DSL,Yes,No,No,Electronic check,34.89,2233.1,No
325,1,45,Month-to-month,No,Yes,Yes,Yes,Mailed check,49.08,2103.01,No
326,0,38,Two year,No,Yes,Yes,No,Electronic check,33.97,1214.28,No
327,1,12,Month-to-month,Fiber optic,Yes,Yes,No,Credit card,85.65,932.74,Yes
328,0,42,Two year,Fiber optic,Yes,Yes,No,Electronic check,98.77,3919.08,No
329,0,14,Month-to-month,No,No,No,No,Mailed check,23.59,299.2,Yes
330,1,45,Month-to-month,Fiber optic,Yes,No,Yes,Credit card,36.97,1732.25,Yes
331,0,33,Month-to-month,DSL,Yes,Yes,No,Credit card,35.31,1095.98,No
332,0,72,Two year,DSL,No,No,Yes,Mailed check,114.94,7800.02,Yes
333,0,68,Two year,DSL,Yes,Yes,Yes,Electronic check,30.58,1888.23,No
334,0,19,One year,DSL,No,No,Yes,Mailed check,82.42,1435.13,No
335,0,65,Two year,DSL,Yes,Yes,Yes,Mailed check,79.92,5441.26,No
336,1,43,Month-to-month,Fiber optic,Yes,Yes,Yes,Electronic check,51.75,2313.61,Yes
337,0,18,Two year,No,Yes,Yes,Yes,Mailed check,99.77,1823.74,No
338,0,8,Month-to-month,Fiber optic,Yes,No,Yes,Mailed check,72.56,551.17,Yes
339,1,6,One year,Fiber optic,Yes,No,No,Mailed check,78.28,479.31,Yes
340,1,38,Month-to-month,No,No,Yes,Yes,Electronic check,63.53,2471.54,Yes
341,0,32,Month-to-month,DSL,Yes,No,No,Credit card,76.16,2514.22,Yes
342,1,43,One year,Fiber optic,Yes,Yes,No,Bank transfer,85.25,3759.0,No
343,1,62,Two year,DSL,Yes,No,Yes,Bank transfer,61.87,3800.32,No
344,1,10,One year,Fiber optic,No,Yes,Yes,Credit card,49.21,449.38,Yes
345,1,68,Month-to-month,DSL,Yes,Yes,No,Bank transfer,57.56,4049.03,Yes
346,0,46,Month-to-month,DSL,No,No,Yes,Credit card,50.86,2217.37,Yes
347,1,0,Month-to-month,DSL,Yes,No,Yes,Credit card,76.53,76.42,Yes
348,1,32,Two year,Fiber optic,Yes,No,No,Credit card,64.41,2151.14,No
349,0,7,Two year,Fiber optic,No,No,No,Credit card,89.16,563.39,Yes
350,0,65,Month-to-month,No,No,Yes,No,Mailed check,114.82,7257.09,Yes
351,0,65,Month-to-month,Fiber optic,Yes,No,No,Credit card,82.73,5034.7,Yes
352,1,48,One year,No,No,No,Yes,Bank transfer,52.42,2579.13,Yes
353,1,25,Two year,DSL,Yes,No,Yes,Bank transfer,93.83,2171.23,No
354,1,46,Two year,DSL,No,No,No,Credit card,109.12,4875.01,No
355,0,33,One year,Fiber optic,No,No,Yes,Credit card,99.33,3182.45,Yes
356,1,52,Two year,DSL,No,Yes,No,Electronic check,35.21,1855.75,No
357,0,46,Two year,Fiber optic,No,Yes,No,Bank transfer,45.97,2147.83,No
358,1,46,One year,DSL,Yes,Yes,Yes,Bank transfer,95.37,4394.52,No
359,1,22,Two year,No,Yes,No,No,Credit card,59.45,1361.59,No
360,0,43,One year,DSL,Yes,No,Yes,Bank transfer,86.94,3870.11,No
361,1,52,Month-to-month,No,Yes,Yes,Yes,Mailed check,77.78,3885.01,No
362,1,30,Two year,DSL,No,Yes,No,Mailed check,94.3,2894.48,No
363,1,49,Two year,Fiber optic,Yes,No,Yes,Bank transfer,80.77,4098.56,No
364,0,10,One year,DSL,Yes,Yes,No,Mailed check,103.86,985.39,Yes
365,1,64,Month-to-month,Fiber optic,Yes,Yes,Yes,Bank transfer,73.79,4581.53,Yes
366,1,43,One year,No,Yes,Yes,Yes,Mailed check,75.66,3328.44,No
367,0,3,Two year,Fiber optic,No,No,Yes,Credit card,26.31,78.5,Yes
368,1,52,Month-to-month,No,Yes,No,Yes,Credit card,116.13,5733.28,Yes
369,1,55,One year,No,No,Yes,Yes,Bank transfer,54.17,2766.29,No
370,0,9,Two year,No,Yes,No,No,Mailed check,97.74,895.97,Yes
371,1,37,Two year,DSL,Yes,Yes,No,Mailed check,55.39,1972.96,No
372,1,40,One year,Fiber optic,Yes,Yes,Yes,Credit card,93.94,3771.5,No
373,1,43,Month-to-month,DSL,No,No,No,Credit card,68.6,2691.43,Yes
374,0,16,Month-to-month,No,No,No,Yes,Bank transfer,40.93,614.14,Yes
375,0,66,One year,No,No,Yes,Yes,Electronic check,101.19,6853.56,No
376,0,68,One year,DSL,Yes,Yes,No,Bank transfer,66.37,4091.12,No
377,1,59,One year,No,Yes,Yes,Yes,Electronic check,44.34,2709.9,No
378,0,16,Month-to-month,Fiber optic,No,No,No,Mailed check,96.17,1516.45,Yes
379,1,30,Two year,No,No,No,No,Electronic check,80.59,2218.87,Yes
380,0,29,Month-to-month,Fiber optic,Yes,Yes,Yes,Electronic check,44.26,1330.0,No
381,0,51,Month-to-month,DSL,Yes,No,No,Electronic check,46.3,2179.51,Yes
382,1,12,Month-to-month,DSL,Yes,No,Yes,Electronic check,30.58,373.58,Yes
383,1,71,Two year,DSL,Yes,Yes,No,Electronic check,86.14,6068.62,No
384,0,26,Month-to-month,DSL,No,Yes,No,Electronic check,32.22,835.63,Yes
385,0,11,Two year,No,No,Yes,Yes,Bank transfer,28.78,296.27,No
386,0,39,One year,DSL,No,No,Yes,Electronic check,96.88,3404.42,Yes
387,0,27,Two year,Fiber optic,No,No,Yes,Electronic check,112.38,2992.32,Yes
388,1,3,Two year,No,Yes,No,No,Bank transfer,100.11,272.77,Yes
389,0,32,One year,Fiber optic,Yes,No,No,Bank transfer,58.23,1722.34,No
390,1,31,Month-to-month,Fiber optic,Yes,No,Yes,Mailed check,43.08,1379.47,Yes
391,1,10,Two year,DSL,Yes,Yes,No,Electronic check,102.54,971.11,Yes
392,0,58,Month-to-month,DSL,Yes,Yes,Yes,Mailed check,113.79,6343.26,No
393,1,1,Two year,Fiber optic,No,Yes,Yes,Bank transfer,118.97,110.22,Yes
394,1,31,One year,Fiber optic,Yes,Yes,Yes,Electronic check,89.11,2572.86,No
395,0,50,One year,DSL,Yes,Yes,Yes,Electronic check,73.57,3351.18,No
396,1,65,Two year,Fiber optic,No,Yes,No,Mailed check,109.99,6707.81,No
397,0,12,One year,Fiber optic,No,Yes,Yes,Mailed check,23.07,283.57,No
398,1,42,One year,No,Yes,Yes,No,Mailed check,27.26,1045.8,No
399,0,61,Month-to-month,DSL,No,No,Yes,Electronic check,85.22,5122.74,Yes
400,1,34,Month-to-month,Fiber optic,No,Yes,No,Bank transfer,33.84,1171.5,Yes
401,0,14,Month-to-month,DSL,No,No,Yes,Credit card,113.23,1433.85,Yes
402,1,30,Two year,Fiber optic,No,Yes,Yes,Bank transfer,25.06,751.46,No
403,1,56,One year,DSL,Yes,No,Yes,Credit card,75.53,4118.96,No
404,1,22,Month-to-month,Fiber optic,No,Yes,No,Credit card,31.83,637.37,Yes
405,1,43,Two year,DSL,Yes,Yes,Yes,Electronic check,68.4,2742.32,No
406,1,67,Month-to-month,DSL,Yes,No,No,Credit card,41.24,2521.21,Yes
407,1,16,Month-to-month,Fiber optic,No,Yes,Yes,Electronic check,40.53,648.12,Yes
408,0,60,One year,Fiber optic,Yes,Yes,No,Electronic check,82.75,5072.9,No
409,1,29,One year,No,Yes,No,Yes,Bank transfer,34.5,1021.06,No
410,0,23,Two year,DSL,Yes,No,Yes,Bank transfer,110.16,2311.46,No
411,0,17,Month-to-month,Fiber optic,No,Yes,Yes,Bank transfer,113.94,1860.08,Yes
412,0,29,Month-to-month,Fiber optic,No,No,Yes,Credit card,87.26,2358.06,Yes
413,0,58,One year,DSL,No,Yes,No,Mailed check,60.7,3349.76,No
414,1,0,Month-to-month,No,No,No,Yes,Bank transfer,67.51,66.31,Yes
415,1,15,One year,Fiber optic,Yes,Yes,Yes,Mailed check,119.85,1654.45,No
416,0,21,Month-to-month,No,No,No,Yes,Bank transfer,45.32,937.94,Yes
417,0,52,Month-to-month,DSL,No,Yes,No,Mailed check,116.75,6287.1,Yes
418,0,53,Month-to-month,No,No,No,No,Mailed check,100.7,5326.49,Yes
419,1,67,Two year,No,No,Yes,No,Mailed check,63.6,4213.59,No
420,0,32,Two year,DSL,No,No,Yes,Credit card,115.63,3473.03,No
421,0,41,Month-to-month,Fiber optic,No,No,No,Bank transfer,87.79,3622.31,Yes
422,0,29,One year,DSL,Yes,No,No,Bank transfer,60.1,1603.62,No
423,0,63,One year,DSL,Yes,Yes,No,Credit card,107.89,6232.67,No
424,1,60,Two year,Fiber optic,No,No,Yes,Credit card,54.51,3315.61,No
425,0,20,One year,Fiber optic,Yes,No,Yes,Bank transfer,103.55,2063.36,Yes
426,0,38,Two year,Fiber optic,Yes,Yes,Yes,Electronic check,80.11,3127.74,No
427,0,52,Two year,No,No,Yes,Yes,Mailed check,27.01,1265.07,No
428,0,29,Month-to-month,Fiber optic,Yes,Yes,Yes,Mailed check,22.39,592.41,No
429,1,9,Two year,Fiber optic,No,No,No,Electronic check,61.74,540.01,Yes
430,1,33,Month-to-month,Fiber optic,Yes,Yes,Yes,Bank transfer,82.41,2731.75,Yes
431,1,62,Month-to-month,DSL,Yes,Yes,Yes,Mailed check,103.89,6205.58,Yes
432,1,9,One year,DSL,Yes,Yes,Yes,Electronic check,39.13,354.34,Yes
433,0,60,Two year,Fiber optic,Yes,Yes,No,Mailed check,39.27,2326.45,No
434,0,64,One year,No,No,Yes,No,Mailed check,23.09,1490.55,No
435,1,58,Two year,DSL,Yes,Yes,Yes,Mailed check,118.62,7219.15,No
436,0,59,One year,No,No,No,No,Electronic check,51.55,3066.32,No
437,1,41,Two year,DSL,Yes,Yes,Yes,Mailed check,113.17,4786.56,No
438,0,64,Two year,No,No,No,Yes,Credit card,72.93,4743.67,No
439,1,8,One year,No,Yes,No,No,Credit card,51.82,402.76,Yes
440,0,40,Two year,DSL,Yes,No,Yes,Mailed check,28.79,1195.79,No
441,1,4,One year,No,Yes,No,Yes,Electronic check,63.74,232.74,No
442,1,17,Two year,DSL,Yes,No,Yes,Mailed check,36.4,606.29,No
443,0,54,Two year,Fiber optic,No,Yes,Yes,Bank transfer,109.11,5707.59,Yes
444,0,49,One year,DSL,Yes,No,Yes,Mailed check,95.88,4505.4,Yes
445,0,62,Month-to-month,No,No,Yes,No,Bank transfer,22.77,1379.16,No
446,1,43,Two year,DSL,No,Yes,Yes,Bank transfer,102.17,4522.73,No
447,1,4,One year,DSL,No,No,No,Credit card,114.96,434.66,Yes
448,0,29,Month-to-month,No,No,Yes,Yes,Mailed check,101.7,2939.37,Yes
449,0,32,Two year,No,No,No,No,Electronic check,63.7,1928.46,No
450,1,22,One year,DSL,Yes,No,Yes,Bank transfer,114.62,2447.33,No
451,1,8,Month-to-month,DSL,No,Yes,Yes,Electronic check,110.3,797.54,Yes
452,1,6,Month-to-month,Fiber optic,No,No,No,Bank transfer,100.24,627.37,Yes
453,0,39,Two year,Fiber optic,Yes,Yes,Yes,Mailed check,68.4,2567.46,No
454,0,46,Two year,No,Yes,Yes,Yes,Credit card,66.15,2998.43,No
455,0,23,Two year,Fiber optic,No,Yes,Yes,Bank transfer,42.23,982.68,No
456,1,55,Month-to-month,Fiber optic,Yes,No,Yes,Credit card,40.17,2088.42,Yes
457,0,64,Month-to-month,No,Yes,No,Yes,Electronic check,120.0,7558.38,Yes
458,0,70,Month-to-month,No,No,Yes,Yes,Credit card,112.4,7325.97,Yes
459,1,71,Month-to-month,DSL,Yes,No,No,Mailed check,100.34,6864.66,Yes
460,0,65,Two year,Fiber optic,Yes,Yes,Yes,Bank transfer,97.38,6458.84,No
461,0,22,Month-to-month,No,Yes,Yes,No,Mailed check,117.6,2608.49,No
462,0,54,Two year,DSL,No,Yes,No,Mailed check,64.26,3167.98,No
463,0,21,Two year,DSL,No,No,Yes,Mailed check,96.66,1901.51,Yes
464,0,45,Two year,Fiber optic,No,No,Yes,Mailed check,36.19,1519.07,No
465,1,15,Two year,Fiber optic,Yes,No,No,Bank transfer,67.97,984.86,No
466,1,25,One year,No,Yes,Yes,Yes,Credit card,43.29,1031.13,No
467,0,54,One year,Fiber optic,No,Yes,Yes,Credit card,66.53,3683.12,No
468,0,51,One year,No,No,Yes,Yes,Bank transfer,75.42,3844.15,No
469,1,51,One year,No,Yes,No,Yes,Bank transfer,100.11,4714.83,No
470,0,3,Two year,Fiber optic,No,No,No,Bank transfer,69.57,199.22,Yes
471,1,61,Month-to-month,Fiber optic,No,No,Yes,Bank transfer,80.97,4864.07,Yes
472,1,8,One year,No,Yes,No,Yes,Credit card,109.13,823.44,Yes
473,1,24,Month-to-month,DSL,Yes,Yes,No,Electronic check,51.11,1144.32,Yes
474,1,13,Month-to-month,No,Yes,Yes,No,Credit card,63.4,765.63,No
475,0,22,Two year,DSL,No,Yes,Yes,Bank transfer,28.41,577.56,No
476,0,21,Month-to-month,Fiber optic,Yes,Yes,No,Electronic check,38.09,793.0,Yes
477,0,55,One year,Fiber optic,No,No,Yes,Mailed check,64.62,3456.22,No
478,0,19,One year,No,Yes,No,No,Electronic check,73.02,1390.3,No
479,0,2,Two year,No,No,No,Yes,Credit card,71.14,131.2,No
480,0,49,Month-to-month,No,Yes,Yes,No,Credit card,104.45,4884.12,Yes
481,0,61,Two year,No,Yes,No,Yes,Bank transfer,109.5,6202.78,No
482,1,71,One year,No,No,Yes,Yes,Credit card,77.36,5393.17,No
483,1,5,Month-to-month,Fiber optic,Yes,No,Yes,Electronic check,110.72,546.94,Yes
484,1,17,Month-to-month,Fiber optic,No,Yes,Yes,Credit card,80.61,1322.83,Yes
485,1,12,Month-to-month,Fiber optic,No,Yes,Yes,Credit card,26.5,298.51,Yes
486,0,35,One year,No,No,No,Yes,Mailed check,88.34,3106.14,Yes
487,0,37,Month-to-month,No,Yes,No,No,Electronic check,83.69,2961.76,Yes
488,0,3,Month-to-month,DSL,Yes,Yes,No,Bank transfer,66.46,193.47,Yes
489,0,23,Month-to-month,No,Yes,Yes,Yes,Mailed check,103.83,2242.52,Yes
490,1,28,One year,Fiber optic,Yes,Yes,Yes,Credit card,36.11,1061.13,No
491,1,56,Month-to-month,DSL,No,No,Yes,Credit card,100.56,5644.31,Yes
492,0,67,Month-to-month,Fiber optic,Yes,Yes,Yes,Credit card,75.41,4854.27,No
493,0,34,Two year,Fiber optic,Yes,No,No,Electronic check,96.19,3232.55,No
494,1,14,Month-to-month,Fiber optic,No,No,Yes,Bank transfer,58.5,804.36,Yes
495,0,15,One year,Fiber optic,No,No,Yes,Bank transfer,68.07,1061.31,No
496,0,24,One year,Fiber optic,Yes,Yes,Yes,Electronic check,62.05,1387.11,No
497,0,30,Two year,DSL,No,Yes,No,Electronic check,119.21,3582.49,No
498,0,11,One year,Fiber optic,Yes,No,Yes,Mailed check,55.0,608.94,Yes
499,1,28,Month-to-month,DSL,Yes,No,No,Credit card,78.55,2223.48,Yes
500,0,3,Month-to-month,No,No,Yes,No,Bank transfer,102.96,319.34,Yes
501,0,2,Month-to-month,DSL,No,No,No,Bank transfer,36.11,72.86,Yes
502,0,18,Month-to-month,DSL,Yes,Yes,Yes,Bank transfer,31.04,569.63,No
503,0,12,Two year,Fiber optic,No,No,Yes,Credit card,74.36,805.11,No
504,1,0,Month-to-month,Fiber optic,Yes,Yes,No,Credit card,103.48,102.27,Yes
505,0,28,Two year,DSL,No,Yes,Yes,Electronic check,112.36,3116.52,No
506,1,42,Month-to-month,Fiber optic,Yes,No,Yes,Mailed check,95.45,3652.62,Yes
507,0,55,One year,DSL,No,Yes,Yes,Bank transfer,78.71,4219.37,No
508,1,42,Month-to-month,DSL,Yes,No,No,Credit card,36.81,1546.7,No
509,1,59,Month-to-month,No,Yes,No,No,Bank transfer,30.1,1706.98,No
510,0,42,Month-to-month,DSL,No,No,Yes,Electronic check,88.84,3599.22,Yes
511,0,24,One year,No,Yes,No,Yes,Credit card,70.23,1640.46,No
512,0,57,One year,DSL,No,Yes,Yes,Mailed check,34.13,1892.01,No
513,1,5,Two year,DSL,Yes,No,No,Mailed check,44.0,205.29,Yes
514,0,46,One year,No,No,Yes,Yes,Electronic check,117.82,5233.78,No
515,1,55,Month-to-month,No,Yes,No,Yes,Mailed check,91.68,4625.3,Yes
516,1,5,One year,DSL,No,No,Yes,Bank transfer,104.67,529.81,Yes
517,0,61,Two year,Fiber optic,Yes,No,No,Mailed check,55.47,3329.07,No
518,1,53,One year,No,Yes,Yes,No,Credit card,73.18,3651.14,No
519,1,65,Two year,Fiber optic,No,No,No,Bank transfer,60.2,3937.66,No
520,1,27,Two year,Fiber optic,No,No,Yes,Mailed check,65.5,1614.52,Yes
521,0,55,Two year,No,No,No,No,Bank transfer,89.35,4623.91,No
522,0,55,Two year,No,No,Yes,No,Electronic check,54.04,2885.51,No
523,1,34,One year,DSL,Yes,No,No,Credit card,104.88,3673.43,No
524,0,19,Two year,DSL,Yes,No,No,Electronic check,48.09,948.72,No
525,0,6,One year,Fiber optic,Yes,Yes,Yes,Bank transfer,97.27,558.06,Yes
526,0,50,Two year,Fiber optic,Yes,No,No,Electronic check,59.01,2823.31,No
527,0,42,Month-to-month,No,Yes,Yes,No,Electronic check,40.69,1686.61,No
528,0,30,Month-to-month,Fiber optic,No,Yes,No,Electronic check,23.64,672.89,Yes
529,1,56,One year,Fiber optic,No,Yes,Yes,Credit card,110.23,5663.0,No
530,1,30,One year,No,Yes,No,No,Electronic check,46.92,1430.72,No
531,0,48,One year,DSL,Yes,No,No,Credit card,74.84,3441.75,No
532,0,11,One year,Fiber optic,Yes,Yes,No,Electronic check,26.75,304.77,No
533,1,64,One year,Fiber optic,No,No,Yes,Bank transfer,118.18,6999.16,Yes
534,1,69,Month-to-month,DSL,No,No,No,Electronic check,104.79,7160.34,Yes
535,1,47,Month-to-month,Fiber optic,No,Yes,Yes,Credit card,52.84,2549.92,Yes
536,1,46,Month-to-month,Fiber optic,Yes,Yes,No,Credit card,119.85,5125.29,Yes
537,1,22,Two year,Fiber optic,Yes,No,Yes,Bank transfer,101.51,2029.41,No
538,0,5,One year,No,No,Yes,Yes,Bank transfer,74.16,337.47,Yes
539,1,64,Month-to-month,No,Yes,No,Yes,Mailed check,49.04,3076.2,No
540,0,38,Two year,DSL,Yes,No,No,Credit card,94.3,3396.93,No
541,0,21,Month-to-month,No,Yes,Yes,No,Electronic check,81.19,1542.98,No
542,1,66,Month-to-month,DSL,Yes,No,Yes,Mailed check,28.69,1938.81,No
543,0,43,Two year,DSL,Yes,No,Yes,Electronic check,57.27,2552.35,No
544,1,37,Two year,Fiber optic,No,Yes,No,Electronic check,107.01,4151.28,Yes
545,0,36,Month-to-month,Fiber optic,Yes,No,No,Credit card,81.23,3009.95,Yes
546,0,58,Month-to-month,DSL,No,No,Yes,Bank transfer,94.49,5615.71,Yes
547,1,28,Month-to-month,DSL,No,No,Yes,Bank transfer,66.15,1763.65,Yes
548,0,20,One year,Fiber optic,No,Yes,No,Mailed check,72.46,1337.78,No
549,1,25,Two year,No,Yes,No,No,Bank transfer,77.11,1995.46,No
550,1,61,One year,Fiber optic,Yes,No,No,Mailed check,63.74,3500.43,No
551,1,72,Two year,DSL,Yes,No,No,Credit card,87.22,5741.94,No
552,1,55,Month-to-month,DSL,Yes,No,Yes,Credit card,37.23,2118.36,Yes
553,1,19,Month-to-month,DSL,Yes,Yes,No,Electronic check,67.5,1257.69,No
554,1,25,One year,DSL,Yes,No,Yes,Mailed check,41.76,1061.92,No
555,0,47,Month-to-month,Fiber optic,Yes,Yes,Yes,Electronic check,89.13,3866.58,Yes
556,0,26,Month-to-month,Fiber optic,No,Yes,No,Credit card,46.29,1116.11,Yes
557,0,31,Two year,Fiber optic,Yes,Yes,No,Credit card,106.34,3023.48,No
558,1,28,Month-to-month,Fiber optic,Yes,No,Yes,Bank transfer,95.69,2576.87,Yes
559,1,65,Two year,Fiber optic,No,No,Yes,Electronic check,47.45,3158.87,No
560,1,59,Two year,DSL,Yes,Yes,Yes,Electronic check,88.5,5403.62,No
561,1,62,Two year,DSL,Yes,No,Yes,Mailed check,101.78,6507.32,No
562,0,0,Two year,Fiber optic,Yes,No,No,Electronic check,64.16,60.87,No
563,0,10,One year,DSL,No,No,Yes,Electronic check,99.55,998.75,Yes
564,1,8,One year,DSL,No,Yes,Yes,Electronic check,81.62,650.02,Yes
565,0,38,One year,Fiber optic,No,Yes,No,Credit card,63.53,2255.31,No
566,1,48,One year,No,No,Yes,Yes,Mailed check,78.63,3765.75,No
567,0,35,One year,DSL,Yes,No,Yes,Electronic check,34.87,1148.35,No
568,0,4,Two year,Fiber optic,No,No,No,Bank transfer,91.03,331.15,Yes
569,0,2,One year,Fiber optic,Yes,No,Yes,Electronic check,28.87,52.2,Yes
570,1,66,Month-to-month,DSL,No,No,Yes,Electronic check,64.11,4180.05,Yes
571,0,52,One year,No,Yes,Yes,No,Credit card,30.04,1420.87,No
572,0,55,Month-to-month,Fiber optic,No,No,Yes,Credit card,49.91,2583.7,Yes
573,1,47,Month-to-month,Fiber optic,No,No,Yes,Credit card,57.39,2594.39,Yes
574,0,32,Two year,DSL,Yes,Yes,No,Mailed check,100.97,3178.39,No
575,0,24,One year,Fiber optic,Yes,Yes,No,Credit card,50.04,1225.17,No
576,1,24,One year,Fiber optic,No,Yes,No,Credit card,57.46,1385.15,No
577,0,24,One year,DSL,No,No,Yes,Bank transfer,23.66,518.01,Yes
578,0,34,One year,Fiber optic,No,No,Yes,Mailed check,80.14,2854.41,No
579,0,72,Two year,DSL,No,No,Yes,Bank transfer,106.48,7503.2,Yes
580,1,36,One year,DSL,No,Yes,Yes,Credit card,59.48,1931.03,No
581,1,56,Two year,Fiber optic,Yes,Yes,Yes,Electronic check,116.04,6071.07,No
582,0,59,Two year,Fiber optic,Yes,Yes,No,Electronic check,64.84,3565.19,No
583,1,15,Two year,DSL,No,Yes,No,Bank transfer,101.29,1402.6,No
584,1,24,Month-to-month,No,No,No,Yes,Bank transfer,112.19,2751.44,Yes
585,1,4,One year,Fiber optic,No,No,No,Credit card,113.73,462.51,Yes
586,0,72,One year,DSL,Yes,Yes,Yes,Mailed check,44.82,3235.28,No
587,0,42,Month-to-month,Fiber optic,No,No,Yes,Mailed check,99.31,4149.15,Yes
588,0,8,One year,DSL,Yes,No,No,Mailed check,94.33,736.25,Yes
589,1,6,Two year,Fiber optic,Yes,No,Yes,Electronic check,50.48,294.92,No
590,1,55,Month-to-month,DSL,No,Yes,No,Credit card,22.68,1280.26,Yes
591,1,12,Two year,Fiber optic,No,Yes,Yes,Credit card,115.87,1382.39,No
592,1,48,Month-to-month,Fiber optic,Yes,No,Yes,Electronic check,85.86,4017.03,Yes
593,1,60,One year,DSL,No,No,Yes,Bank transfer,86.84,4691.55,Yes
594,1,48,Month-to-month,Fiber optic,Yes,No,Yes,Credit card,50.69,2275.52,Yes
595,0,70,Two year,No,Yes,No,No,Electronic check,50.4,3652.79,No
596,0,7,Month-to-month,DSL,Yes,No,No,Mailed check,43.81,293.54,Yes
597,1,12,Month-to-month,Fiber optic,No,No,No,Electronic check,35.35,410.31,Yes
598,0,63,Month-to-month,DSL,Yes,Yes,No,Bank transfer,59.72,3695.29,No
599,0,48,Month-to-month,Fiber optic,Yes,Yes,No,Electronic check,105.32,4898.31,Yes
600,0,19,One year,DSL,Yes,Yes,Yes,Credit card,106.73,2076.35,No
601,1,41,Month-to-month,DSL,No,No,No,Bank transfer,88.44,3725.12,Yes
602,0,23,Month-to-month,No,No,Yes,Yes,Bank transfer,44.23,1021.95,Yes
603,1,39,One year,DSL,No,No,Yes,Electronic check,100.64,3850.61,Yes
604,0,23,Month-to-month,DSL,Yes,Yes,Yes,Mailed check,29.13,670.1,No
605,0,6,One year,No,No,Yes,No,Bank transfer,23.11,131.88,Yes
606,1,68,One year,No,Yes,No,Yes,Mailed check,26.7,1748.04,No
607,0,56,One year,DSL,No,No,No,Electronic check,57.98,3371.05,No
608,0,54,One year,Fiber optic,No,No,No,Mailed check,30.31,1596.31,Yes
609,0,61,One year,Fiber optic,No,Yes,No,Mailed check,75.71,4657.6,No
610,1,65,Month-to-month,Fiber optic,No,No,Yes,Mailed check,103.05,6317.53,Yes
611,1,64,Month-to-month,Fiber optic,Yes,No,Yes,Credit card,104.78,6859.64,Yes
612,0,59,One year,No,Yes,Yes,No,Credit card,28.9,1784.73,No
613,0,47,Two year,No,No,No,No,Electronic check,56.56,2435.33,No
614,1,57,One year,No,No,No,No,Bank transfer,83.27,4442.52,Yes
615,0,63,Two year,Fiber optic,Yes,No,Yes,Electronic check,76.31,4476.05,No
616,0,10,Month-to-month,DSL,No,No,Yes,Electronic check,64.16,629.17,Yes
617,1,26,Two year,DSL,No,Yes,No,Electronic check,111.91,2976.56,No
618,0,41,Two year,Fiber optic,Yes,Yes,No,Bank transfer,24.38,972.66,No
619,1,29,One year,DSL,No,Yes,Yes,Credit card,35.93,1056.97,No
620,0,8,Month-to-month,Fiber optic,No,No,No,Credit card,73.25,583.54,Yes
621,1,40,Month-to-month,DSL,No,No,No,Mailed check,98.26,3961.15,Yes
622,1,28,One year,DSL,No,No,Yes,Electronic check,77.3,2212.7,No
623,0,3,Two year,No,No,No,No,Electronic check,69.79,202.1,Yes
624,0,27,One year,Fiber optic,Yes,No,No,Mailed check,49.21,1332.98,No
625,1,62,Two year,DSL,Yes,No,No,Mailed check,59.82,3350.44,No
626,0,22,One year,No,No,Yes,No,Bank transfer,57.35,1246.99,No
627,1,52,One year,No,No,No,No,Electronic check,96.49,5026.49,Yes
628,1,29,One year,DSL,No,No,No,Electronic check,109.82,2877.71,Yes
629,0,34,Month-to-month,DSL,No,Yes,No,Bank transfer,83.79,2710.24,Yes
630,1,57,One year,Fiber optic,No,Yes,Yes,Credit card,54.35,3214.74,No
631,0,17,Month-to-month,Fiber optic,Yes,Yes,Yes,Mailed check,112.55,1976.61,No
632,1,63,One year,Fiber optic,No,Yes,No,Mailed check,39.23,2456.59,No
633,0,43,Month-to-month,DSL,No,No,Yes,Mailed check,31.77,1260.01,Yes
634,1,16,One year,DSL,No,No,Yes,Bank transfer,27.9,433.81,No
635,0,62,One year,DSL,Yes,Yes,Yes,Bank transfer,88.92,5342.51,No
636,0,13,Month-to-month,No,No,No,No,Credit card,88.47,1105.93,Yes
637,0,59,One year,Fiber optic,No,No,No,Mailed check,101.5,6135.89,No
638,0,44,Two year,No,No,Yes,Yes,Mailed check,117.43,5384.0,No
639,1,62,One year,No,No,No,Yes,Bank transfer,111.61,6653.92,No
640,1,26,Two year,DSL,Yes,Yes,Yes,Credit card,22.79,589.8,No
641,0,0,One year,Fiber optic,Yes,Yes,No,Mailed check,69.84,68.98,No
642,1,62,Month-to-month,DSL,No,Yes,No,Electronic check,70.36,4535.38,Yes
643,0,58,Two year,Fiber optic,Yes,Yes,Yes,Bank transfer,118.89,6428.65,No
644,1,29,Month-to-month,DSL,No,Yes,Yes,Credit card,23.46,706.28,Yes
645,0,26,Month-to-month,No,No,No,No,Electronic check,36.78,910.01,Yes
646,1,56,Month-to-month,DSL,No,Yes,Yes,Credit card,112.1,6260.29,Yes
647,1,53,Two year,DSL,Yes,No,Yes,Bank transfer,62.59,3195.19,No
648,0,18,One year,Fiber optic,No,No,No,Electronic check,117.19,1927.06,Yes
649,0,57,Month-to-month,No,Yes,No,Yes,Bank transfer,23.69,1329.79,Yes
650,1,41,Month-to-month,DSL,Yes,No,No,Credit card,45.48,1873.5,No
651,1,23,One year,DSL,No,No,Yes,Electronic check,111.49,2680.22,Yes
652,1,56,Two year,No,No,Yes,No,Mailed check,29.97,1658.66,No
653,0,15,Two year,DSL,No,No,No,Mailed check,41.74,647.39,No
654,1,66,One year,No,Yes,No,No,Mailed check,107.21,6388.36,No
655,1,43,Month-to-month,Fiber optic,Yes,No,Yes,Bank transfer,76.05,3027.08,Yes
656,0,35,One year,No,Yes,No,Yes,Credit card,46.2,1561.69,No
657,1,27,Two year,Fiber optic,Yes,No,No,Mailed check,101.86,2601.0,No
658,0,6,One year,No,No,Yes,No,Bank transfer,117.78,691.7,Yes
659,1,16,One year,No,No,Yes,Yes,Credit card,33.74,538.0,No
660,0,33,Month-to-month,DSL,Yes,No,No,Bank transfer,75.0,2348.83,Yes
661,0,6,Two year,No,Yes,Yes,No,Mailed check,22.28,131.67,No
662,0,69,One year,Fiber optic,Yes,No,No,Bank transfer,45.61,3232.54,No
663,1,70,One year,No,Yes,Yes,No,Bank transfer,115.2,8288.42,No
664,1,11,Month-to-month,DSL,Yes,No,No,Bank transfer,54.99,561.34,Yes
665,0,21,Two year,No,No,Yes,Yes,Mailed check,77.73,1688.39,No
666,0,65,One year,DSL,No,No,Yes,Bank transfer,36.54,2270.25,Yes
667,0,3,Two year,DSL,Yes,Yes,Yes,Credit card,50.44,154.79,No
668,1,69,Two year,Fiber optic,No,Yes,Yes,Mailed check,33.38,2129.8,No
669,1,17,Two year,Fiber optic,Yes,No,No,Electronic check,56.98,986.38,No
670,1,68,Two year,No,Yes,No,No,Credit card,80.95,5079.6,No
671,1,12,Month-to-month,DSL,No,No,Yes,Bank transfer,51.73,572.23,Yes
672,0,19,One year,Fiber optic,Yes,No,No,Electronic check,50.41,963.87,No
673,0,67,One year,No,No,No,No,Electronic check,64.94,4005.93,No
674,0,55,Month-to-month,DSL,No,Yes,Yes,Mailed check,61.03,3301.59,No
675,0,17,Two year,Fiber optic,Yes,Yes,Yes,Credit card,25.17,385.78,No
676,0,19,Month-to-month,No,No,No,No,Bank transfer,100.89,1726.56,Yes
677,1,62,Month-to-month,Fiber optic,No,Yes,Yes,Credit card,88.46,5306.8,Yes
678,1,70,Month-to-month,DSL,No,No,Yes,Credit card,91.39,6547.68,Yes
679,1,15,One year,DSL,Yes,No,Yes,Credit card,52.19,735.23,No
680,0,71,One year,No,No,No,No,Electronic check,68.64,5006.3,No
681,0,65,One year,No,Yes,No,Yes,Mailed check,111.95,7276.21,No
682,1,43,Month-to-month,Fiber optic,No,No,No,Bank transfer,25.65,1080.03,Yes
683,1,21,One year,Fiber optic,No,No,Yes,Electronic check,60.12,1154.74,Yes
684,0,62,Month-to-month,DSL,No,No,No,Electronic check,93.76,6090.36,Yes
685,1,44,One year,No,Yes,No,Yes,Mailed check,53.03,2351.14,No
686,0,2,Two year,DSL,No,No,Yes,Bank transfer,118.38,246.35,Yes
687,1,52,Two year,Fiber optic,No,No,No,Electronic check,73.49,3482.34,No
688,1,48,Two year,Fiber optic,Yes,No,Yes,Bank transfer,61.64,3081.86,No
689,1,7,Month-to-month,No,No,Yes,No,Electronic check,79.43,528.62,Yes
690,1,9,Two year,Fiber optic,No,Yes,No,Credit card,116.98,1093.84,Yes
691,0,32,One year,No,Yes,Yes,Yes,Credit card,105.89,3062.14,No
692,0,52,One year,No,No,No,Yes,Bank transfer,39.25,2045.76,No
693,1,22,Two year,DSL,Yes,No,Yes,Mailed check,52.0,1039.94,No
694,0,57,Month-to-month,DSL,Yes,Yes,No,Credit card,43.02,2243.27,No
695,0,60,Month-to-month,Fiber optic,No,Yes,Yes,Electronic check,52.4,3205.17,Yes
696,1,63,Month-to-month,DSL,Yes,No,No,Credit card,105.29,6053.48,Yes
697,0,17,Two year,Fiber optic,No,Yes,Yes,Bank transfer,112.97,1811.36,No
698,0,30,Month-to-month,Fiber optic,No,No,Yes,Mailed check,63.66,1905.65,Yes
699,1,42,Month-to-month,DSL,No,Yes,Yes,Credit card,67.65,2874.62,No
700,0,4,Two year,Fiber optic,Yes,Yes,Yes,Bank transfer,118.42,493.07,No
701,0,26,One year,No,Yes,No,No,Electronic check,40.19,1081.93,No
702,1,38,Month-to-month,No,Yes,Yes,No,Bank transfer,97.93,3567.21,Yes
703,1,2,Two year,No,No,Yes,No,Bank transfer,78.79,145.55,Yes
704,0,68,One year,DSL,No,No,No,Electronic check,109.14,6699.44,Yes
705,0,14,Two year,Fiber optic,Yes,Yes,No,Mailed check,46.89,629.16,No
706,0,41,Two year,DSL,No,Yes,Yes,Mailed check,118.69,4945.0,No
707,1,28,Month-to-month,Fiber optic,No,No,Yes,Credit card,118.85,3025.12,Yes
708,1,38,Two year,DSL,Yes,No,Yes,Bank transfer,118.08,4177.0,No
709,0,43,Two year,Fiber optic,Yes,No,Yes,Electronic check,113.21,4662.28,No
710,0,15,One year,DSL,Yes,Yes,No,Credit card,40.59,613.9,No
711,1,44,Month-to-month,No,No,No,No,Electronic check,113.27,4614.12,Yes
712,1,27,Two year,DSL,No,No,Yes,Mailed check,110.96,2955.8,No
713,1,28,Two year,No,Yes,Yes,No,Credit card,36.1,934.03,No
714,1,61,Month-to-month,Fiber optic,Yes,No,No,Mailed check,33.48,1918.69,No
715,1,39,Two year,No,No,Yes,No,Mailed check,85.04,3024.82,No
716,0,61,Month-to-month,DSL,No,Yes,No,Electronic check,20.52,1161.14,Yes
717,0,25,Two year,Fiber optic,Yes,Yes,No,Bank transfer,37.18,884.83,No
718,0,33,One year,No,Yes,No,No,Mailed check,43.37,1370.04,No
719,0,35,Month-to-month,No,Yes,Yes,Yes,Mailed check,69.36,2531.78,No
720,0,9,One year,Fiber optic,No,Yes,Yes,Electronic check,117.75,963.91,Yes
721,1,10,Month-to-month,Fiber optic,Yes,No,No,Mailed check,72.97,693.95,Yes
722,1,68,Two year,No,Yes,No,No,Mailed check,96.0,6087.13,No
723,1,60,Month-to-month,No,Yes,No,No,Credit card,98.62,5692.01,Yes
724,0,33,Two year,No,No,Yes,No,Mailed check,64.71,2036.38,No
725,1,39,One year,DSL,No,No,No,Bank transfer,27.5,1107.11,No
726,0,35,Two year,Fiber optic,No,Yes,No,Bank transfer,65.86,2291.04,No
727,0,40,One year,No,No,No,Yes,Mailed check,80.49,3293.88,Yes
728,0,28,One year,Fiber optic,No,Yes,Yes,Bank transfer,116.57,3152.6,Yes
729,1,18,Two year,No,Yes,No,No,Bank transfer,57.38,1029.17,No
730,0,66,Month-to-month,DSL,No,No,Yes,Credit card,37.82,2524.59,Yes
731,1,9,One year,No,No,Yes,No,Mailed check,31.73,295.13,Yes
732,0,61,One year,Fiber optic,Yes,No,No,Mailed check,32.64,2039.92,No
733,0,34,One year,DSL,Yes,No,No,Electronic check,46.34,1635.86,No
734,1,6,One year,No,Yes,Yes,Yes,Credit card,84.45,502.86,No
735,0,26,Two year,No,No,No,No,Credit card,48.53,1311.74,No
736,0,49,One year,Fiber optic,Yes,No,Yes,Mailed check,97.95,4948.46,No
737,0,27,One year,DSL,Yes,No,Yes,Mailed check,65.63,1732.38,No
738,0,51,Month-to-month,No,No,Yes,Yes,Electronic check,26.52,1234.12,No
739,0,6,One year,DSL,Yes,No,Yes,Mailed check,116.49,683.66,Yes
740,0,12,One year,No,No,No,Yes,Credit card,29.37,334.51,No
741,1,6,Month-to-month,Fiber optic,Yes,No,Yes,Credit card,106.45,586.75,Yes
742,0,27,Two year,DSL,Yes,Yes,Yes,Electronic check,82.41,2288.86,No
743,0,33,Two year,Fiber optic,Yes,Yes,Yes,Mailed check,29.38,921.5,No
744,0,53,Two year,No,Yes,Yes,Yes,Electronic check,30.09,1477.98,No
745,0,48,Two year,Fiber optic,No,No,Yes,Credit card,116.38,5514.46,Yes
746,0,47,Two year,Fiber optic,No,No,Yes,Bank transfer,118.72,5556.31,Yes
747,1,1,Two year,DSL,Yes,No,Yes,Bank transfer,51.41,50.89,No
748,1,16,Two year,DSL,Yes,No,No,Bank transfer,96.51,1505.45,No
749,0,38,Two year,Fiber optic,Yes,No,Yes,Bank transfer,27.12,1025.14,No
750,0,56,One year,No,No,Yes,No,Electronic check,57.8,3024.6,No
751,1,66,One year,DSL,No,No,No,Electronic check,112.43,7295.43,Yes
752,0,36,Month-to-month,Fiber optic,Yes,No,Yes,Electronic check,59.31,2024.68,Yes
753,1,60,One year,DSL,Yes,Yes,Yes,Electronic check,59.14,3392.34,No
754,0,57,Two year,DSL,Yes,Yes,Yes,Mailed check,54.48,3110.92,No
755,1,11,One year,Fiber optic,No,No,Yes,Electronic check,87.44,891.97,Yes
756,0,71,Two year,Fiber optic,Yes,No,No,Electronic check,38.17,2574.0,No
757,0,27,Month-to-month,DSL,Yes,No,No,Mailed check,113.62,2987.37,Yes
758,0,69,Two year,DSL,No,No,No,Bank transfer,45.56,2970.35,No
759,1,39,Two year,No,Yes,Yes,Yes,Bank transfer,35.78,1357.18,No
760,1,7,One year,No,No,Yes,Yes,Credit card,28.58,194.65,Yes
761,1,26,Two year,No,Yes,Yes,No,Electronic check,89.55,2140.49,No
762,0,65,Two year,Fiber optic,No,Yes,No,Credit card,58.4,3730.83,No
763,1,65,Month-to-month,No,No,Yes,Yes,Mailed check,68.9,4193.34,Yes
764,0,34,One year,No,Yes,No,No,Credit card,21.15,687.03,No
765,0,65,One year,DSL,Yes,No,No,Bank transfer,27.24,1632.39,No
766,0,7,One year,DSL,No,No,No,Bank transfer,80.38,523.51,Yes
767,0,64,Month-to-month,Fiber optic,Yes,No,Yes,Electronic check,115.43,7595.99,Yes
768,1,27,One year,Fiber optic,No,No,Yes,Electronic check,72.69,2021.86,Yes
769,1,71,Two year,No,Yes,No,No,Electronic check,27.58,2026.31,No
770,0,26,Month-to-month,Fiber optic,Yes,Yes,No,Mailed check,95.98,2608.51,Yes
771,0,71,Month-to-month,Fiber optic,Yes,No,No,Credit card,68.14,4893.18,Yes
772,0,7,Month-to-month,DSL,No,No,No,Credit card,92.86,641.42,Yes
773,1,8,Two year,DSL,No,No,Yes,Mailed check,101.9,801.29,Yes
774,0,64,Month-to-month,Fiber optic,No,Yes,Yes,Mailed check,25.91,1724.99,Yes
775,1,64,One year,DSL,No,No,Yes,Mailed check,91.26,5542.91,Yes
776,0,70,One year,DSL,No,Yes,No,Credit card,54.7,3921.2,No
777,1,68,Two year,DSL,No,No,Yes,Credit card,61.16,4184.75,No
778,0,45,Two year,No,No,No,No,Mailed check,28.59,1179.55,No
779,1,43,Month-to-month,DSL,Yes,Yes,Yes,Electronic check,66.32,2866.29,Yes
780,1,54,Two year,No,No,Yes,Yes,Electronic check,104.87,5500.69,No
781,0,8,One year,Fiber optic,No,No,Yes,Bank transfer,22.08,181.84,Yes
782,1,58,Month-to-month,Fiber optic,Yes,Yes,No,Bank transfer,39.2,2174.05,No
783,1,54,Two year,DSL,No,No,No,Bank transfer,40.24,2047.27,No
784,0,9,Month-to-month,No,Yes,No,No,Mailed check,25.67,213.33,Yes
785,1,24,Month-to-month,DSL,Yes,Yes,No,Electronic check,23.21,508.2,No
786,1,40,One year,No,Yes,No,No,Electronic check,89.2,3506.21,No
787,0,23,Two year,Fiber optic,Yes,Yes,Yes,Credit card,74.02,1566.49,No
788,1,21,Month-to-month,No,Yes,No,Yes,Mailed check,72.21,1367.76,Yes
789,1,60,Month-to-month,DSL,Yes,No,Yes,Electronic check,99.32,5887.38,Yes
790,1,22,One year,No,No,Yes,No,Electronic check,91.18,2091.35,No
791,0,64,Two year,No,Yes,No,Yes,Bank transfer,69.35,4036.06,No
792,0,1,Two year,Fiber optic,No,No,Yes,Electronic check,49.16,47.43,Yes
793,0,12,Two year,DSL,Yes,Yes,No,Credit card,108.21,1212.5,No
794,0,3,Two year,Fiber optic,Yes,No,No,Electronic check,66.2,191.01,No
795,0,45,One year,DSL,Yes,Yes,No,Mailed check,56.25,2455.41,No
796,1,23,Month-to-month,Fiber optic,Yes,No,No,Electronic check,61.49,1448.69,Yes
797,0,28,One year,Fiber optic,No,No,Yes,Bank transfer,105.76,2997.94,Yes
798,0,69,One year,DSL,Yes,Yes,Yes,Electronic check,29.18,1919.62,No
799,0,65,One year,DSL,No,Yes,Yes,Electronic check,110.46,6940.7,No
800,0,1,Two year,No,Yes,No,Yes,Credit card,50.95,51.55,No
